{
  "okato": "11111111111",
  "mobileSvyaz": false,
  "verified": true,
  "mobileOperator": "bfdbadc0-a925-11e9-a97a-9ffc9e629206",
  "dateCreate": "2019-07-18T06:32:03.588Z",
  "dateModified": "2019-07-18T06:32:55.629Z",
  "id": "c1722c40-a925-11e9-a97a-9ffc9e629206",
  "typeTks": [],
  "mobileStandart": [
    "00930fc0-a926-11e9-a97a-9ffc9e629206",
    "03706620-a926-11e9-a97a-9ffc9e629206"
  ],
  "mobileInternet": "false",
  "_class": "mobile@telecom-en",
  "_classVer": "",
  "_creator": "admin@local",
  "supOktmoMobile": "",
  "_editor": "admin@local",
  "___workflowStatus": {}
}