{
  "logVremRezhim": false,
  "schems": "[]",
  "gops": "",
  "class": null,
  "pochtamp": null,
  "inOps": null,
  "postIndex": 6,
  "name": "Post offices",
  "rezhim": {
    "description": "Weekly schedule",
    "item": "",
    "occurs": [
      {
        "weekday": 1,
        "duration": 32400,
        "hour": 9,
        "minute": 0
      },
      {
        "weekday": 2,
        "duration": 32400,
        "hour": 9,
        "minute": 0
      },
      {
        "weekday": 3,
        "duration": 32400,
        "hour": 9,
        "minute": 0
      },
      {
        "weekday": 4,
        "duration": 32400,
        "hour": 9,
        "minute": 0
      },
      {
        "weekday": 5,
        "duration": 32400,
        "hour": 9,
        "minute": 0
      }
    ],
    "skipped": [
      {
        "weekday": 1,
        "hour": 13,
        "minute": 0,
        "duration": 3600
      },
      {
        "weekday": 2,
        "hour": 13,
        "minute": 0,
        "duration": 3600
      },
      {
        "weekday": 3,
        "hour": 13,
        "minute": 0,
        "duration": 3600
      },
      {
        "weekday": 4,
        "hour": 13,
        "minute": 0,
        "duration": 3600
      },
      {
        "weekday": 5,
        "hour": 13,
        "minute": 0,
        "duration": 3600
      }
    ]
  },
  "dateModif": "2019-07-18T06:45:04.447Z",
  "id": "92dfccf0-a927-11e9-a97a-9ffc9e629206",
  "naselenniyPunkt": [
    "11111111111"
  ],
  "_class": "ops@telecom-en",
  "_classVer": "",
  "_creator": "admin@local",
  "___workflowStatus": {}
}